romanized,devanagari
ma pani dherai meheant garera vlog banauxu herdinu hola,म पनि धेरै मेहेनत गरेर भ्लग बनाउछु हेर्दिनु होला
are yr yesto ksaiko life snga khelwad chai na gar na hou usko j jati kharcha vko xa tyo return gariyos with byaj k,अरे यार यस्तो कसैको लाइफसँग खेलवाड चाई न गर न होउ उसको जति खर्च भाको छ त्यो रिटर्न गरियोस विथ ब्याज के
dherai khushi xu aaja appreciate saugat dai dherai dherai,धेरै खुशी छु आज अप्रिसिएट सौगात दाई धेरै धेरै
i became helpless mero sabai paisa khaidiyo karmachari milera sabai crypto,आइ बिकेम हेल्प्लेस मेरो सबै पैसा खाइदियो कर्मचारी मिलेर सबै क्रिप्टो
uha le afno raj path xodera afno bhai lai diyako ra afu sadhau bannu bhako ho uha kai bhai bikram bata bikram sambhat suru bhayako vanne manneta xa,उहाँले आफ्नो राज पथ छोडेर आफ्नो भाईलाई दिएको र आफू साधु बन्नुभाको हो उहाँकै भाई विक्रमबाट विक्रम सम्बत सुरु भएको भन्ने मान्यता छ
yasko chitai sadbuddi palaos natrw kam xoina,यसको छिटै सदबुद्धि पलाओस नत्र काम छैन
uttarkhand and darjeeling is nepal,उत्तराखण्ड एंड दार्जिलिङ इज नेपाल
o pathak des bikasko badhak,ओ पाठक देश बिकासको बाधक
khaii halka ali kati tapaiii harka sampang paxyama ho jasto lagyo,खै हल्का अलिकती तपाई हर्क साम्पाङ पक्षमा हो जस्तो लाग्यो
tyo arko nepali kata harayo ekso bhanda ta dherai best,त्यो अर्को नेपाली कता हरायो एस्को भन्दा त धेरै बेस्ट
nepal kai naam challne ho nepal lai nai faida hune ho selfish jealous vako ho tyo mula panday budaa,नेपालकै नाम चल्ने हो नेपाललाई नै फाइदा हुने हो सेल्फिश जेलस भाको हो त्यो मुला पाण्डे बुढा
khusi ko kura aayo gaurav broo,खुशीको कुरा आयो गौरव ब्रो
nepali ko brainwash garnalai janmeko naya baburam bhattari hou raja pratiko timro harek video silently negativity hunxa,नेपालीको ब्रेनवाश गर्नलाई जन्मेको नयाँ बाबुराम भट्टराई हो राजा प्रतिको तिम्रो हरेक भिडियो साइलेन्ट्ली नेगेटिविटी हुन्छ
mayor ko pass fail garnu bhanda desh ko bikash kasare garne idea khojnus yesta waiyat kura garnu bhanda,मेयरको पास फेल गर्नू भन्दा देश को विकास कसरी गर्ने आइडिया खोज्नु यस्ता वाइयात कुरा गर्नू भन्दा
sishir chor des xood,सिशिर चोर देश छोड
nepali haru nai bheda bhayesi k garnu hamle pani bhanna paunthiyo we love our president bhanerw,नेपालीहरु नै भेडा भएसी के गर्नु हाम्ले  पानी भन्न पाउँथ्यौँ  वी लभ आवर प्रेसिडेन्ट भनेर
feri nepal aau yaha dherai job pauna milxa aba,फेरि नेपाल आउ यहाँ धेरै जब पाउन मिल्छ अब
aba aayush sunar ko aune din ma vot vaneko jiro hunx,अब आयुश सुनारको आउने दिनमा भोट भनेको जिरो हुन्छ
yo video lay startup lay kasari ramro garna sakxa ra pathao lay kasari ramro garyo vani describe vako xah,यो भिडियोले स्टार्टअपले कसरी राम्रो गर्न सक्छ र पठाओले कसरी राम्रो गर्यो भने डिस्क्राइब भाको छ
a yr yo jagadish k vako yr kati boleko ramro sangh bolna dinuni yr pgl ho yr dimag bigreko,ए यार यो जगदिश के भाको यार कति बोलेको राम्रोसँग बोल्न दिनुनी यार पागल हो यार दिमाग बिग्रेको
di narunu na kasto den akoo ho,दि नरुनु न कस्तो दिन आको हो
kp oli parchandey shere chor haru hun yeneharu ley desh sakkaye aba yeneharu lai jail mah halerw tadpai tadpai marnu parxa rw sabai sampati nepal sarkar ko garaunu parxa,केपी ओली प्रचण्डे शेरे चोरहरु हुन् यिनिहरुले देश साक्काए अब यिनिहरुलाई जेलमा हालेर तड्पाई तड्पाई मार्नु पर्छ र सबै सम्पति नेपाल सरकार को गराउनु पर्छ
future ramro hunxha vanera abroad jani ki,फ्युचर राम्रो हुन्छ भनेर अब्रोड जानि कि
yi bahun haru india ka paltu kukur haru hun,यि बाहुनहरु इंडियाका पाल्तु कुकुरहरु हुन्
suresh chor yo indian dalal ho,सुरेश चोर यो इंडियन दलाल हो
anpad hru lai neta banayepxi yestai ho,अनपढहरुलाइ नेता बनाएपछि यस्तै हो
sabai vanda perfect miss nepal,सबै भन्दा परफेकट मिस नेपाल
kati samajdar xa nishedh ani sis,कति समझदार छ निषेध अनि सिस
kihi problems haru yahi hun jasto lagcha malai,केहि प्रब्लम्सहरु यहि हुन जस्तो लाग्छ मलाइ
nabitsinu hola raja janta le nai nikaleko vanera,नबिर्सिनुहोला राजा जनताले नै निकालेको भनेर
youtube ma aaunu parne movie ho yo ta,युट्युबमा आउनु पर्ने मुभी हो यो त
feri paisa lutne khel ho na vako natak,फेरि पैसा लुट्ने खेल हो न भाको नाटक
balen city vanyaa hoina r kathmandu,बालेन सिटी भन्या होइन र काठमाडौं
gyan bardhak programme thank you,ज्ञान बर्धक प्रोग्राम थ्याङ्क यू
tq bro sahi xa yasto kam gari rahanu,थ्याङ्क यू ब्रो सही छ यस्तो काम गरि रहनु
ae pagla manche paila mistake garyo biha garera tya bata bujeo vandai cha ta mistake nagari kasari bugcha ta,ए पग्ला मान्छे पैला मिस्टेक गर्यो बिहे गरेर त्याँबाट बुझियो भन्दै छ त मिस्टेक नगरि कसरी बुझ्छ त
plz video on nepali students jo bahira padhi raheka xan,प्लिज भिडियो अन नेपाली स्टुडेन्ट्स जो बाहिर पढिरहेका छन
raja aayeni jo aayeni janata aware huna jaruri xa hami janatale nai afno power kati xa janeka xainau raja nai chahine hoina unity ko lagi hami milera desh sudharne prayas garnu parxa,राजा आएनि जो आएनि जनता अवेयर हुन जरुरी छ हामी जनताले नै आफ्नो पावर कति छ जानेका छैनौ राजा नै चाहिने होइन युनिटीको लागि हामी मिलेर देश सुधार्ने प्रयास गर्नु पर्छ
koie rule follow na garum k garnu sakxan rw ek jana due jana kati jana lai arrest garxan lado nepal,कोइ रुल फलो न गरुम के गर्नु सक्छन् र एक जना दुई जना कति जनालाई अरेस्ट गर्छन् लाडो नेपाल
hamro tanahun ko vyas tirako ni banam na yesto marksheet,हाम्रो तनहुँको व्यास तिरको नि बनाम् न यस्तो मार्कसिट
ma upahar sworup bijay baral lai kei dina chahanxu fohorko gadiko kura xai sahi ho,म उपहार स्वरुप विजय बराललाई केही दिन चाहन्छु फोहोरको गाडीको कुरा चाहिँ सही हो
aba aauni barsa ma nepal pani africa ma vako corrupted country jasto hunxa,अब आउनी बर्षमा नेपाल पनि अफ्रिकामा भाको करप्टेड कन्ट्री जस्तो हुन्छ
great job bro dherai ko aakha kholya cha timi haru le garda cheers,ग्रेट जब ब्रो धेरैको आँखा खोल्या छ तिमीहरुले गर्दा चियर्स
miss you umesh diju and be strong,मिस यू उमेश दिजु एन्ड बि स्ट्रङ
raja banxu vhanera sympathy pauna lai chatak ghatna bata vanxas vai raja tei hunxa jo capable xa nautanki dhongi,राजा बन्छु भनेर सिम्प्याथी पाउनलाई चटक घटनाबाट भन्छस् भाइ राजा तेई हुन्छ जो क्यापेबल छ नौटंकी ढोंगी
chutiya sala maubadi le start garda yo vaya ho,चुतिया साला माओवादीले स्टार्ट गर्दा यो भया हो
salaam x yr yo vdo ko lagi ra mero des balabhadra,सलाम छ यार यो भिडियोको लागि र मेरो देश बलभद्र
sabai bhastacharilai muddha chalaunuparchha k yesako lagi raja phaleko ho,सबै भ्रष्टाचारीलाई मुद्धा चलाउनुपर्छ के यसकोलागि राजा फलेको हो
dekheyo ta chor haru ko dimag yo vanda thulo thulo chor dimag haru xa k tha nepali veda lai,देखेयो त चोरहरुको दिमाग यो भन्दा ठुलो ठुलो चोर दिमागहरु छन् के था नेपाली भेडालाई
plzz dada yo sister lie help gardinun plz dai,प्लिज दादा यो सिस्टरलाई हेल्प गरिदिनुन प्लिज दाइ
j hunxa nepal mai hunxa nyaye mareko desh,जे हुन्छ नेपालमै हुन्छ न्याय मरेको देश
vai teti prachnda ley ngreko vye aja tmro esare video dekhna ra suna pienthena,भाइ तेति प्रचण्डले नगरेको भए आज तिम्रो एसरी भिडियो देख्न र सुन पाइन्थेन
sabai neta harulai taha lagauna raja nai chahine bhayo,सबै नेताहरुलाई ठाउँ लगाउन राजा नै चाहिने भयो
na ta desh chaadna nai saki raxu na ta santusta bhayera desh mai basna,न त देश छाड्न नै सकि राछु न त सन्तुष्ट भएर देशमै बस्न
saugat dai bolney bittikai gentleman ko goon dekhinxa,सौगात दाइ बोल्ने बित्तिकै जेन्टलम्यानको गुण देखिन्छ
satish bro le hasayar maryoooo,सतिश ब्रोले हसाएर मार्यो
aashika tamang ko barema ni boldinu paro dai,आशिका तामाङको बारेमा नि बोलिदिनु परो दाइ
chup khatey aafno kaam gar hawa video nabana,चुप खाते आफ्नो काम गर हावा भिडियो नबना
tyo samaj jasle ma khelda sano ma malai bigreko kta vani tag lagayo,त्यो समाज जसले म खेल्दा सानोमा मलाई बिग्रेको केटा भनि ट्याग लगायो
sala vrasta neta desh tw luteyu luteyu napugerw auta cheli ko ejet luteko khate laii samatna nasakkne le,साला भ्रष्ट नेता देश त लुटेउ लुटेउ नपुगेर एउटा चेलीको इज्जत लुटेको खातेलाई समात्न नसक्नेले
deshh laii bikas garxu vanerw kurchi ma vasxa thukka jole neta haru jay nepalll,देशलाई बिकास गर्छु भनेर कुर्चीमा बस्छ थुक्क झोले नेताहरु जय नेपाल
birami marne ki bachne vanne question primeminister lai garne ho patrakar ji hepna paye vandai ma,ड्राइभरलाई फोर्स गर्ने होइन सेल्फ प्रोटेक्सन इज फस्ट प्रायोरिटी
driver lai force garne haina self protection is first priority,बिरामी मर्ने कि बाँच्ने भन्ने क्वेस्चन प्राइम मिनिस्टरलाई गर्ने हो पत्रकार जी हेप्न पाएँ भन्दैमा
k garna nepal baschau bhai jau bidesh neta ra thulo corporate house ko sahu ho vane basa natra vaga,के गर्न नेपाल बस्छौ भाइ जाउ विदेश नेता र ठुलो कर्पोरेट हाउसको साहु हो भने बस नत्र भाग
bhane pachi tapai ko muhar pani dekhiyo,भनेपछि तपाईंको मुहार पनि देखियो
xyaa mero desss ujjwal halat valu aaimai jastoo vyoo,छ्या मेरो देश उज्ज्वल हालत भालु आइमाई जस्तो भयो
salam cha okil sir yo arko pagal lai pagal khana ma lanu,सलाम छ ओकिल सर यो अर्को पागललाई पागल खानामा लानु
power full speech parkash rasali sir sarai man pareyo,पावर फुल स्पिच प्रकाश रसाली सर सारै मन पर्यो
salute for nepal police,सलुट फर नेपाल पुलिस
chor le aru lai chor nai dekhxa bichara ghumna gayo vlog banayo tyo aile sabai le,चोरले अरुलाई चोर नै देख्छ बिचरा घुम्न गयो भ्लग बनायो त्यो अहिले सबैले
garirahekai ho kyare tara usko vlog cinematography level khatra xa cheparo toli lai tauko dukhai vayexa hait,गरिरहेकै हो क्यारे तर उसको भ्लग सिनेमाटोग्राफी लेभल खतरा छ छेपारो टोलीलाई टाउको दुखाइ भएछ हैट
chor neta hru le desh dubayo,चोर नेताहरुले देश डुबायो
hajur ley desh bidesh ma celebrate garney bare ta vannu vayo tara hamrai desh ko chae chuttaunu vayo,हजुरले देश विदेशमा सेलिब्रेट गर्ने बारे त भन्नु भयो तर हाम्रै देशको चाहिँ छुटाउनु भयो
xat ko chabi ghar malik sanga nai hunxa,छतको चाबी घर मालिकसँग नै हुन्छ
jagga liyapaxi paisa dinu paryo ni,जग्गा लिएपछि पैसा दिनु पर्यो नि
religion lai politics sanga involve garekai ramro otherwise there will be jhagada,रिलिजनलाई पोलिटिक्ससँग इन्भल्भ गरेकै राम्रो अदरवाइज देयर विल बि झगडा
nepal ma aba euta gabbar athawa jung bahadur janmina parne bhayo yini haru lai taha launa lai,नेपालमा अब एउटा गब्बर अथवा जंगबहादुर जन्मिन पर्ने भयो यिनीहरुलाई ठाउँ लाउनलाई
hajur papa pugu baini sikkim pni awnus hai,हजुर पापा पुगु बैनी सिक्किम पनि आउनुस् है
rishi damala lai patrakar manne haru sabai pagal hun,ऋषि धमलालाई पत्रकार मान्नेहरु सबै पागल हुन्
program ko antim ma rukmini di ko suggestion ekdam daami heart touching,प्रोग्रामको अन्तिममा रुक्मिणी दिदीको सजेसन एकदम दामी हार्ट टचिङ
feri nani maiya lai lyaunu paryo,फेरि नानी मैयालाई ल्याउनु पर्यो
views ko lagi ja pani balen ko naam bikako xa youtube ma,भ्युजको लागि जा पनि बालेनको नाम बिकाको छ युट्युबमा
nani maya dherai gret ho balen vanda,नानी मैया धेरै ग्रेट हो बालेन भन्दा
thankyou for introducing the nani maiya,थ्याङ्क यू फर इन्ट्रोड्युसिङ द नानी मैया
malai tw aashika tamang ko vibes aayo tw video herda,मलाई त आशिका तामाङको भाइब्स आयो त भिडियो हेर्दा
timro balen lai chai purus nani maiya vana baru,तिम्रो बालेनलाई चाहिँ पुरुष नानी मैया भन बरु
maro kalo chhala lai kosare seto banuna sakencha,मेरो कालो छालालाइ कसरी सेतो बनाउन सकिन्छ
nani maiya ko haisiyat dherai uchha sarahniya chha lady balen title galat title ho balen rajniti ma kahile janmeko,नानी मैयाको हैसियत धेरै उच्च सराहनीय छ लेडी बालेन टाइटल गलत टाइटल हो बालेन राजनीतिमा कहिले जन्मेको
balen lai chai nanimaiya dahal bhana na balen najanmida nanimaiya le kathmandu hallaisakeko ho tyo pani tesbela ko samaaj ma,बालेनलाई चाहिँ नानीमैया दाहाल भन न बालेन नजन्मिदा नानीमैयाले काठमाडौं हल्लाइसकेको हो त्यो पनि त्यसबेलाको समाजमा
xori manxe bhayera neta haru darauthe uninsanga ka balen sanga jasto jorii khelna aauthe ra topic matra mann napareko video ta ramro xa,छोरी मान्छे भएर नेताहरु डराउँथे उनीसँग क बालेनसँग जस्तो जोरी खेल्न आउँथे र टपिक मात्र मन नपरेको भिडियो त राम्रो छ
balen birodhi nabhannu hai maile ni vote garya ho,बालेन बिरोधी नभन्नु है मैले नि भोट गर्या हो
fatah gafadi ukhan tukka ko bharma rajniti no vision no mission,फटाहा गफाडी उखान टुक्काको भरमा राजनीति नो भिजन नो मिसन
sha he persna sir ko aba hepnai percha yee purana neta lai,श हे पर्सन सरको अब हेप्नै पर्छ यी पुराना नेतालाई
yo kukur sagar sanga bahas garyra faida xaina,यो कुकुर सागरसँग बहस गरेर फाइदा छैन
yesto maya grne mnxe pidina,यस्तो माया गर्ने मान्छे पाइँदैन
both man parxa but kaslai jalauna ko lagi natak nahos best of luck both,बोथ मन पर्छ बट कसलाई जलाउनको लागि नाटक नहोस् बेस्ट अफ लक बोथ
je hunxa jhapa citawan ra dang ma nai hunxa but not fair,जे हुन्छ झापा चितवन र दाङमा नै हुन्छ बट नट फेयर
bimal sir table chairs ma ali invest garnu paryo yettiko level ko program deserves it,बिमल सर टेबल चेयर्समा अलि इन्भेस्ट गर्नु पर्यो यत्तिको लेभलको प्रोग्राम डिजर्भ्स इट
bhannele je bhanun bhannu deu bhai,भन्नेले जे भनुन् भन्नु देऊ भाइ
yo news yeti late kin,यो न्युज यति लेट किन
ujjwal jii k ho para aafu media ma huda rajniti lai gali garney ani aafu rajniti ma huda media lai gali,उज्ज्वल जी के हो पारा आफू मिडियामा हुँदा राजनीतिलाई गाली गर्ने अनि आफू राजनीतिमा हुँदा मिडियालाई गाली
awesome nanu love you,असम नानु लभ यू
yesta harami haru lai kada sajaya hunu paryo,यस्ता हरामीहरुलाई कडा सजाय हुनु पर्यो
yo ghut bolake x hai sir,यो झुट बोलेकी छ है सर
samragey ko kura ma ke fact xa ke kasele bolne ya arop laune bitekaii honxa raw rrecha g,साम्राज्ञीको कुरामा के फ्याक्ट छ के कसैले बोल्ने या आरोप लाउने बित्तिकै हुन्छ र रिचा जी
malai j hoss pokhara ko police ko chai salute garchu pokhar police for hajur le vanu vayako kura eklo manche lai kaile chadnu huna,मलाई जे होस् पोखराको पुलिसको चाहिँ सलुट गर्छु पोखरा पुलिस फर हजुरले भन्नु भएको कुरा एक्लो मान्छेलाई कहिले छाड्नु हुन्न
kasari garn sakyo hola nii tyo haru lee,कसरी गर्न सक्यो होला नि त्यो हरुले
nurse ra doctor lai jastai ni licence dinu paryo hospitalitity kahila ni standard huna bala xaina nepal ma,नर्स र डाक्टरलाई जस्तै नि लाइसेन्स दिनु पर्यो हस्पिटालिटी कहिले नि स्ट्यान्डर्ड हुने वाला छैन नेपालमा
tyo nayadis ko rajanama magnuparxha kati ma bikyo sala chor bahun haru,त्यो न्यायधीशको राजिनामा माग्नुपर्छ कतिमा बिक्यो साला चोर बाहुनहरु
aandolan gardim na tw k xw rw,आन्दोलन गर्दिम न त के छ र
my dreams girl anjali sanu love u so so much,माइ ड्रिम्स गर्ल अन्जली सानु लभ यू सो सो मच
kae flaws haru pick garna khojya haina dai ko esto ramro content ma tara paila jasto flow flow mai na aai ali ekkaichoti aaidiyo kya kasto odd lagya,केही फ्लज हरु पिक गर्न खोज्या होइन दाइको यस्तो राम्रो कन्टेन्टमा तर पहिला जस्तो फ्लो फ्लोमै नआई अलि एक्कासि आइदियो क्या कस्तो अड लाग्या
laaj ko pasaroo meyor vanda ni laaj pni lajauxa,लाजको पसारो मायर भन्दा नि लाज पनि लजाउँछ
ramro lagyo gyan mulak xa,राम्रो लाग्यो ज्ञानमूलक छ
runa maanlagcha desh ko haalat dekhera,रुन मनलाग्छ देशको हालत देखेर
budole plane ko crash lai defend gareko chha,बुढोले प्लेनको क्र्यासलाई डिफेन्ड गरेको छ
hami gyanendra lyayau bhanne ni tyas paxi ko paras raja hunxa bhanda manxe darauxan,हामी ज्ञानेन्द्र ल्यायौं भने नि त्यसपछिको पारस राजा हुन्छ भन्दा मान्छे डराउँछन्
sahid haru le ragat bagayera banayeko desh chor haru le lutera sakkaye,शहीदहरुले रगत बगाएर बनाएको देश चोरहरुले लुटेर सक्काए
hari bahadur madan bahadur,हरि बहादुर मदन बहादुर
prime time ma balla views gayexa,प्राइम टाइममा बल्ल भ्युज गएछ
yo purnema pattreka ka kenna pauxa plz vandenus hae,यो पूर्णिमा पत्रिका कहाँ किन्न पाउँछ प्लिज भन्दिनुस् है
highlights dharai long vayo please gataunu paryo,हाइलाइट्स धेरै लङ भयो प्लिज घटाउनु पर्यो
baira nepali vitra parliament ma hindi kina,बाहिर नेपाली भित्र पार्लियामेन्टमा हिन्दी किन
bolna man laxa bolam ki nai chai sochna sakirako xaina yar,बोल्न मन लाछ बोलम् कि नाइ चाही सोँच्न सकिराको छैन यार
kya mazza aauxa yar herna ni,क्या मज्जा आउँछ यार हेर्न नि
chiyawali didi lai mauka dinu vayeko ma derai dhanyabadh yo video trending pugne xa,चियावाली दिदीलाई मौका दिनु भएकोमा धेरै धन्यवाद यो भिडियो ट्रेन्डिङ पुग्ने छ
watching from korea kalpana ko pani big fan hu best of luck whole team,वाचिङ फ्रम कोरिया कल्पनाको पनि बिग फ्यान हु बेस्ट अफ लक होल टिम
congress le vaneko ta thik nai raixa sirohiya lai samauda gadatanra sachikai dharap ma parne raixa balla tha paye kina testo vaneko raixa,कंग्रेसले भनेको त ठिक नै रैछ सिरोहियालाई समाउँदा गणतन्त्र साच्चिकै धरापमा पर्ने रैछ बल्ल थाहा पाएँ किन त्यस्तो भनेको रैछ
timi hami sabai mareko syaal aam nepali janta parem ramita herne basne desh j sukae hos bal matlab halla bol action garne aat xaina hami ma,तिमी हामी सबै मरेको स्याल आम नेपाली जनता परेम रमिता हेर्ने बस्ने देश जे सुकै होस् बाल मतलब हल्ला बोल एक्सन गर्ने आँट छैन हामीमा
magar jaatiko batnaam greko saram xoina,मगर जातिको भिटिनेम गरेको सरम छैन
sabitri di lifemaa testo vako vayera nae holaa usle creme petrol hernu vako,सावित्री दि लाइफमा त्यस्तो भएको भएर नै होला उस्ले क्राइम पेट्रोल हेर्नु भाको
nepal bahun baad le khaisakyo,नेपाल बाहुनवादले खाइसक्यो
bazar kisan lai jimma deu sarkar ani hunxa kisanko jeet,बजार किसानलाई जिम्मा देऊ सरकार अनि हुन्छ किसानको जित
dhurmus le maan pari leko riiin sarkaar le kina tirneee yo subject ma fair investigation hosss,धुर्मुसले मन परी लेको ऋण सरकारले किन तिर्ने यो सब्जेक्टमा फेयर इन्भेस्टिगेसन होस्
ho ho maile dekheko thye manjushree le dharti chyateko bajra hanera,हो हो मैले देखेको थिए मन्जुश्रीले धर्ती च्यातेको बज्र हानेर
aayo nepali dhrub rathee,आयो नेपाली ध्रुव राठी
desh ko antim bikalpa nai rajshantha ho,देशको अन्तिम बिकल्प नै राजसंस्था हो
k pais nepali kera vayo,के पाइस् नेपाली केरा भयो
daya baya kehi naheri nepal ra nepali ko lagi faida hune niti niyam ra nirnaya lyauna,दायाँ बायाँ केही नहेरी नेपाल र नेपालीको लागि फाइदा हुने नीति नियम र निर्णय ल्याउन
nadaraune ra jasata sukai bhrastachari lai karbahi garne euta baliyo leader ko khacho cha nepal ma,नडराउने र जस्तोसुकै भ्रष्टाचारीलाई कारबाही गर्ने एउटा बलियो लिडरको खाँचो छ नेपालमा
amrit lama lai case garnai parcha jail ma halnu parcha g bob chai safe hunu paryoo we need him,अमृत लामालाई केस गर्नै पर्छ जेलमा हाल्नु पर्छ जी बब चाहिँ सेफ हुनु पर्यो वी निड हिम
bolne thego chaee same roix,बोल्ने ठेगो चाहिँ सेम रैछ
asa xa ekdin maile bidesh batw bhitraye ko dollar ley mro desh kai naharaos rw rahirahos,आशा छ एकदिन मैले विदेशबाट भित्र्याएको डलरले मेरो देश कहिँ नहराओस् र रहिरहोस्
des mai kehi ramro garnu parxa vanne ho herum,देशमै केही राम्रो गर्नु पर्छ भन्ने हो हेरुम्
very soon why not daka chor haru lai thegaan lagaunu parchha jaya hos prachanda,भेरी सुन ह्वाइ नट डाका चोरहरुलाई ठेगान लगाउनु पर्छ जय होस् प्रचण्ड
rajesh hamal le host gareko program ma k karan le bibaad aayeko thiyo,राजेश हमालले होस्ट गरेको प्रोग्राममा के कारणले बिवाद आएको थियो
raja le garda ho desh le unnati pragati nagareko,राजाले गर्दा हो देशले उन्नति प्रगति नगरेको
lathi charge garna bhannus media dai,लाठी चार्ज गर्न भन्नुस् मिडिया दाइ
jhut bolne netako jibro katne panchayet nai thik,झुट बोल्ने नेताको जिब्रो काट्ने पञ्चायत नै ठिक
yo sala chor kukur bharasta bidesi ko dalal desh lutuwa bechuwa kp oli bhanne manche,यो साला चोर कुकुर भ्रष्ट विदेशीको दलाल देश लुटुवा बेचुवा केपी ओली भन्ने मान्छे
bharasta haru ko naike jhut ko kheti gafadi fataha gunda ho kick out garnu parcha,भ्रष्टहरुको नाइके झुटको खेती गफाडी फटाहा गुन्डा हो किक आउट गर्नु पर्छ
chor muji neta haru,चोर मुजि नेताहरु
euta balak laii usko babu khose jhaii haami sabaii ko avibhak raja haami baata khose,एउटा बालकलाई उसको बाबु खोसे जस्तै हामी सबैको अभिभावक राजा हामीबाट खोसे
sontosh dai plzz arko vedio lyaunus na hai wait grchau,सन्तोष दाइ प्लिज अर्को भिडियो ल्याउनुस् न है वेट गर्छौ
arko akramand neta haru ko ghar ma hunu parxa,अर्को आक्रमण नेताहरुको घरमा हुनु पर्छ
daju le description ko lagi ai use garnu huda raixa,दाजुले डिस्क्रिप्सनको लागि एआइ युज गर्नु हुँदो रैछ
tei ho xori manxe ko under ma hurkeko desh kata bata unati lagxa ra hoina ta bro,तेई हो छोरी मान्छेको अन्डरमा हुर्केको देश कताबाट उन्नति लाग्छ र होइन त ब्रो
manxe lai tension din kholeko hoss chennel kaile ta ramro bol sabai kharab dekhaxas,मान्छेलाई टेन्सन दिन खोलेको होस् च्यानल कहिले त राम्रो बोल सबै खराब देखाछस्
wow krishma chaudari ji verry good we sports you always teyo idian dalal lai goli thoknai parxa,वाउ कृष्मा चौधरी जी भेरी गुड वी सपोर्ट यू अलवेज त्यो इन्डियन दलाललाई गोली ठोक्नै पर्छ
sudip dajulai rugaa laageko raixa,सुदीप दाजुलाई रुघा लागेको रैछ
nepal lai america banauna lagdeixn,नेपाललाई अमेरिका बनाउन लाग्दैछन्
ukhane ji marnu bhanda agadi ramro garnu chha vane timra goot kaa chor harulai karwahi gara,उखाने जी मर्नु भन्दा अगाडि राम्रो गर्नु छ भने तिम्रा गुटका चोरहरुलाई कारबाही गर
sath denu parxa aabo nepali lay bujnu parxa dhela vaisakiyo dharai dhela nai hoss jai nepal,साथ दिनु पर्छ आबो नेपालीले बुझ्नु पर्छ ढिला भइसक्यो धेरै ढिला नै होस् जय नेपाल
suyog singh is one man army abba samsad hall ma buda choor haru lai khyap khyapti paareko hernu ramailo huncha,सुयोग सिंह इज वान म्यान आर्मी अब संसद हलमा बुढा चोरहरुलाई ख्याप खयप्ति परेको हेर्नु रमाइलो हुन्छ
ho sadak batai jancha yo chor ganatantra,हो सडकबाटै जान्छ यो चोर गणतन्त्र
yini haruko aafno byaktigat ladai le desh lai khaldo ma haldai xan so no not again,यिनीहरुको आफ्नो ब्यक्तिगत लडाइले देशलाई खाल्डोमा हाल्दै छन् सो नो नट अगेन
neta ko gulami garne ko kami xaina yo desh maa moto rakam paine pariwaar dhanne vayepaxi kasle chae neta ko paxi paxi daudidaina thiyo hola raw,नेताको गुलामी गर्नेको कमी छैन यो देशमा मोटो रकम पाइने परिवार धान्ने भएपछि कसले चाहिँ नेताको पछि पछि दौडिदैन थियो होला र
aayush is great but partner khatam ko payo,आयुष इज ग्रेट बट पार्टनर खत्तमको पायो
hamro mata army chief leader haru neta haruko puchxar xa ani,हाम्रो माता आर्मी चिफ लिडरहरु नेताहरुको पुछार छ अनि
im very heppy hamile man parayeka nepal amma ka saputr sujit lamichane ji lai garheimantri hunu vayeko ma jay nepal,आइएम भेरी ह्याप्पी हामीले मन पराएका नेपाल आमाका सपुत्र सुजित लामिछाने जीलाई गृहमन्त्री हुनु भएकोमा जय नेपाल
galti hamro janata ko nai ho kinw ki neta sapana dekhaunw xod dainan ra hami janata sapana dekhnw xod dainau,गल्ती हाम्रो जनताको नै हो किनकि नेता सपना देखाउन छोडदैनन् र हामी जनता सपना देख्न छोडदैनौ
khandbari nagarpalika ko pni garnu paro,खाँदबारी नगरपालिकाको पनि गर्नु परो
bharastar vaehalx ni salary kam diye paxi so salary badhaunu parxa government employees ko,भ्रष्टार भइहाल्छ नि स्यालरी कम दिएपछि सो स्यालरी बढाउनु पर्छ गभर्मेन्ट एम्प्लोइजको
aja hajur ko vocal ma different dekhiyo,आज हजुरको भोकलमा डिफरेन्ट देखियो
yehi tauke harule garney baneako janta bhidauney ane afu haru chai milney ho tarah bheda nepali le bujadainaan k garnu,यही टाउकेहरुले गर्ने भनेको जनता भिडाउने अनि आफूहरु चाहिँ मिल्ने हो तर भेडा नेपालीले बुझ्दैनन् के गर्नु
aba pradip laai parti bata nikaleo vaney yo samassya suljancha natra pradip jaha gayo tehi bigarcha testo wudaran dherai cha,अब प्रदीपलाई पार्टीबाट निकाल्यो भने यो समस्या सुल्झन्छ नत्र प्रदीप जहाँ गयो तेही बिगार्छ त्यस्तो उदारण धेरै छ
kassam justice kaile huney wala xaina etro din barsa vaihsakyo muji parents ko mental state,कसम जस्टिस कहिले हुने वाला छैन यत्रो दिन बर्ष भइसक्यो मुजि पेरेन्ट्सको मेन्टल स्टेट
kera hoina geda gadatantra ho yo,केरा होइन गेडा गणतन्त्र हो यो
khaubadi jhyakne chor chor nai ho,खाउबादी झ्याक्ने चोर चोर नै हो
asta sala raja afnai bansa khatam afai garne haru k raja ho feri,यस्ता साला राजा आफ्नै बंश खत्तम आँफै गर्ने हरु के राजा हो फेरि
dai bhauju both always smart lov ur videos,दाइ भाउजु बोथ अलवेज स्मार्ट लभ योर भिडियोज
desh arulai bechna dinna mai aafai bechxu vannu khojeko lipulekh limpiyadhura sabai becheko rexa ta darjaling,देश अरुलाई बेच्न दिन्न म आँफै बेच्छु भन्नु खोजेको लिपुलेक लिम्पियाधुरा सबै बेचेको रैछ त दार्जिलिङ
ma team lai yo vanna chahanchu ki sabai lai aware garai kasari yo desh ko sahi tarika le bikash garna sakincha tyo advice diinu hosh,म टिमलाई यो भन्न चाहन्छु कि सबैलाई अवेयर गराइ कसरी यो देशको सही तरिकाले बिकास गर्न सकिन्छ त्यो एडभाइस दिनु होस्
yatiko aat ko sath hamilaii satya sunaunu vayeko ma hajur haru ko sampurna team laii dhanyabaad xah,यतिको आँटको साथ हामीलाई सत्य सुनाउनु भएकोमा हजुरहरुको सम्पूर्ण टिमलाई धन्यवाद छ
hamro country ko corrupt neta vanauda haru lai palna vanda ta raja aaye ini haru lai thik parxan ki,हाम्रो कन्ट्रीको करप्ट नेता भनाउँदाहरुलाई पाल्न भन्दा त राजा आए इनिहरुलाई ठिक पार्छन् कि
ekdamai ramro video yastai vidio ko aasha ma xau,एकदमै राम्रो भिडियो यस्तै भिडियोको आशामा छौ
kt hru ajvoli astoi ho,केटीहरु आजभोलि यस्तै हो
yiniharulai bideshma gulami nai thik cha,यिनीहरुलाई विदेशमा गुलामी नै ठिक छ
eutai bato banaudai bigardai chaliracha mayor ko kaam,एउटै बाटो बनाउँदै बिगार्दै चलिराछ मेयरको काम
sathi timro video herna paisa tirnu parne ho ki nai,साथी तिम्रो भिडियो हेर्न पैसा तिर्नु पर्ने हो कि नाइ
hami afai bheda ho hami jaba samma bheda hunxam taba samma raja hos ya mantri nepal nepal rahanna,हामी आँफै भेडा हो हामी जबसम्म भेडा हुन्छौं तबसम्म राजा होस् य मन्त्री नेपाल नेपाल रहन्न
dharan r ktm ko mayor bhandaa aru chineka xan jasto lagdaina,धरान र काठमाडौंको मेयर भन्दा अरु चिनेका छन् जस्तो लाग्दैन
ai bata banako ho yo sab vedeo haru haha,एआइबाट बनाको हो यो सब भिडियोहरु हाहा
jai india jai modi jai bharat mata,जय इन्डिया जय मोदी जय भारत माता
hello rishi dhamala goru take respect give respect,हेल्लो ऋषि धमला गोरु टेक रेस्पेक्ट गिभ रेस्पेक्ट
tahetw podcast vanerw interview garaxan manxe haru,त्यहि त पड्कास्ट भनेर इन्टरभ्यु गराछन् मान्छेहरु
yesta chor sarkar lai bich bato ma jata dekhyo tei goli hannu parxa baru yesai garera jail jana thik,यस्ता चोर सरकारलाई बीच बाटोमा जता देख्यो तेई गोली हान्नु पर्छ बरु यसै गरेर जेल जान ठिक
girlfriend lai convince garna nasakera video nai banaidexa solti le,गर्लफ्रेन्डलाई कन्भिन्स गर्न नसकेर भिडियो नै बनाइदेछ सोल्टीले
yo dislike garne khate ko hola hoii xyaa res nai uthney,यो डिस्लाइक गर्ने खटेको होला होइ छ्या रिस नै उठ्ने
sarkar bata poisa aauxhu feri school hospital office sabai jana le loot hani halxa,सरकारबाट पैसा आउँछ फेरि स्कुल हस्पिटल अफिस सबैजनाले लुट हानी हाल्छ
